Node,X,Y,DistanceFromCenter
0,65.0690,10.5394,38.6831
1,71.1206,47.4106,31.9908
2,7.7185,24.7799,35.6896
3,20.1422,7.6668,37.9443
4,23.8499,7.9751,35.8667
5,2.7109,31.5276,38.2395
6,76.0112,0.4971,53.4536
7,40.9043,61.3049,21.3241
8,52.6319,47.3613,14.6203
9,39.5747,77.3492,37.3516
10,76.8279,69.4735,47.1697
11,43.2786,35.1529,5.8518
12,45.7936,55.3020,16.3620
13,52.5626,71.7350,34.1311
14,27.5674,75.4722,37.5878
15,59.3888,48.7784,21.2835
16,49.5695,57.3277,19.7946
17,51.7585,10.0717,32.1553
18,76.4244,49.5492,37.6553
19,50.1360,20.5167,21.9622
20,27.4220,3.4788,38.6265
21,59.2122,55.8583,24.9117
22,56.4234,31.2218,18.6221
23,50.2132,11.7138,30.0735
24,27.1850,34.5992,13.9066
25,52.0005,53.3356,17.9402
26,37.0243,14.7374,25.4372
27,23.7982,34.6807,17.0527
28,76.8464,19.5522,42.1399
29,29.8220,73.1544,34.6815
30,3.1870,61.5020,42.6325
31,15.1582,22.1600,30.5840
32,23.2995,73.5243,37.4538
33,38.6092,77.7159,37.7416
34,12.0900,30.9568,29.3385
35,58.2077,14.1493,31.6193
36,29.6029,59.8177,22.3794
37,66.2144,38.1536,26.2793
38,73.6870,22.0895,38.1523
39,0.8345,52.7831,41.1988
40,3.3966,6.2111,49.8147
41,30.6905,49.7486,13.4797
42,24.1151,26.5084,20.8411
43,17.3462,68.8620,36.6907
44,45.9618,32.1660,9.8445
45,31.9294,70.5515,31.5995
46,53.4674,12.6302,30.5037
47,25.8571,23.5585,21.6875
48,48.4104,41.6537,8.5714
49,58.4636,50.7254,21.3527
50,35.3538,40.1444,4.6485
51,25.1229,2.5688,40.2793
52,4.7642,8.8289,47.0446
53,2.0516,38.8490,37.9659
54,32.0010,57.8060,19.5202
55,9.2830,6.3353,45.5724
56,29.1431,57.8567,20.8982
57,60.2768,64.6884,31.9479
58,49.0579,56.7264,19.0215
59,49.8901,9.2543,32.2973
60,3.1132,17.5243,43.1949
61,40.9133,25.1153,14.9127
62,34.3396,25.3389,15.7158
63,29.1312,9.5088,32.3705
64,12.7930,63.2327,35.7768
65,3.9361,54.4448,38.8491
66,29.7183,7.4560,34.1295
67,16.6596,51.3215,25.9413
68,14.6672,40.4855,25.3375
69,5.3407,68.7105,45.0062
70,66.6324,14.8347,36.6412
71,34.2139,46.1857,8.4701
72,1.8248,58.0560,42.2299
73,47.3523,13.7347,27.2750
74,35.9125,7.6187,32.6383
75,68.0105,4.5877,45.1511
76,31.5332,48.9361,12.3102
77,72.6693,48.6047,33.7835
78,52.4560,32.0449,14.7796
79,60.1375,55.7712,25.5783
80,21.8087,2.4227,41.7490
81,14.6351,51.7567,27.9571
82,2.3110,56.1028,40.9849
83,54.7964,27.6185,19.2934
84,17.4038,78.9765,45.0528
85,14.0350,68.7018,38.7036
86,8.4127,63.4822,39.3595
87,25.5784,33.3519,15.8802
88,71.4015,74.8076,46.8788
89,8.6042,75.5136,47.4016
90,48.9568,31.3339,12.4630
91,78.7431,45.4590,39.1258
92,18.8957,11.4086,35.5367
93,69.8384,71.3456,43.2768
94,27.6926,44.1754,12.9964
95,36.0357,19.2663,21.1093
96,25.6208,68.4791,31.9033
97,32.1153,19.8008,21.6835
98,25.0058,78.3363,41.1642
99,6.8191,65.6643,41.9480
AverageDistanceFromCenter,30.1803
